2,Bronson C S,Santa Cruz
3,Pre-Owned INTENSE RECLUSE EXPERT 27.5 XL,Intense
4,S-Works Stumpjumper 29,Specialized
5,Levo SL Comp Carbon,Specialized
6,Ruby,Specialized
7,DEMO 2020 Hightower with Reserve Carbon Wheels C S XL,Santa Cruz
8,Domane+,Trek
9,SB140 T-Series T1,Yeti Cycles
10,Turbo Vado 5.0,Specialized Turbo
11,DEMO 2020 Hightower with Reserve Carbon Wheels C S LG,Santa Cruz
12,Men's Stumpjumper EVO Comp Alloy 27.5,Specialized
13,Roscoe 8,Trek
14,Cruiser 1 Step-Thru,Electra
15,Stumpjumper Expert Carbon 29,Specialized
16,Kenevo Comp,Specialized Turbo
17,Fuel EX 9.8 29,Trek
18,Roll Elite,Specialized
19,Men's Sirrus Elite Carbon,Specialized
20,Men's Chisel Comp X1,Specialized
21,DEMO 2020 BRONSON C S MD,Santa Cruz
22,Sirrus 3.0,Specialized
23,GX Folding Black,Gocycle
24,Roll Elite LTD,Specialized
25,GX Folding Blue,Gocycle
26,Allez Elite,Specialized
27,Men's Sirrus X Comp Carbon,Specialized
28,Slash 9.8,Trek
29,Roscoe 7 Women's,Trek
30,Roscoe 8,Trek
31,Men's RockHopper Expert,Specialized
32,Allez Sprint Comp Disc,Specialized
33,Stumpjumper EVO Pro 29,Specialized
34,Sirrus 1.0,Specialized
35,Women's Stumpjumper ST Comp Carbon 29,Specialized
36,CrossTrail - Mechanical Disc,Specialized
37,"DEMO FUJI TRAVERSE 1.3 15""",
38,Women's Stumpjumper ST Comp Alloy 29,Specialized
39,FX 1 Disc,Trek
40,520,Trek
41,Domane SL 5 Disc Women's,Trek
42,DEMO SE RACING LAGER,SE Racing
43,Men's Sirrus X Comp Carbon,Specialized
44,Roll Elite LTD II – Low Roller,Specialized
45,Dual Sport 1,Trek
46,Verve 2 Disc Lowstep,Trek
47,Sirrus X 4.0,Specialized
48,Roll Elite LTD,Specialized
49,FX 3 Disc,Trek
50,Roll Elite,Specialized
51,CrossTrail - Mechanical Disc,Specialized
52,Sirrus X 2.0,Specialized
53,FX 1 Stagger Disc,Trek
54,Verve 2 Disc,Trek
55,Dual Sport 2,Trek
56,Men's Sirrus Sport,Specialized
57,Men's Sirrus Elite Carbon,Specialized
58,Women's Sirrus V-Brake,Specialized
59,CruX,Specialized S-Works
60,Lookfar,Fairdale
61,Express,Fairdale
62,Sirrus X 5.0,Specialized
63,Ariel Hydraulic Disc,Specialized
64,Wahoo 26,Trek
65,Women's Sirrus Sport Disc,Specialized
66,Roll Low Entry,Specialized
67,Lookfar Bicycle Sport Shop LTD Edition,Fairdale
68,Crosstrail Sport,Specialized
69,Weekender Archer,Fairdale
70,Men's Sirrus Alloy - V-Brake,Specialized
71,X-Caliber 7,Trek
72,Allez,Specialized
73,CrossTrail Elite Alloy,Specialized
74,SB100 Carbon GX Comp,Yeti Cycles
75,Men's Sirrus Sport,Specialized
76,Women's Sirrus V-Brake,Specialized
77,Bronson C S,Santa Cruz
78,Fuel EX 8 29,Trek
79,Chiron Ultegra Di2 Disc,Alchemy
80,Eros Ultegra Di2 Disc,Alchemy
81,GS,Gocycle
82,Women's Sirrus Disc,Specialized
83,Weekender Nomad,Fairdale
84,Chameleon D+ 27.5,Santa Cruz
85,Roll Low Entry,Specialized
86,Hotwalk,Specialized
87,5010 Carbon C S+ 27.5 - Reserve,Santa Cruz
88,Men's Sirrus Alloy Disc,Specialized
89,Hightower LT Carbon C S 29 Reserve,Santa Cruz
90,Men's Sirrus Elite Alloy,Specialized
91,Riprock Expert 24,Specialized
92,Sport 12 Balance Bike,Strider
93,Men's Sirrus Alloy - V-Brake,Specialized
94,Men's Sirrus Alloy Disc,Specialized
95,CrossTrail Elite Alloy,Specialized
96,Roll,Specialized
97,FX 1,Trek
98,Epic Expert EVO,Specialized
99,FX Sport 6,Trek
100,Dual Sport 2 Women's,Trek
101,Domane SL 5 Disc,Trek
102,Ariel Hydraulic Disc,Specialized
103,Dual Sport 1 Women's,Trek
104,Stumpjumper EVO Pro 27.5,Specialized
105,Crosstrail Sport,Specialized
106,Checkpoint SL 5,Trek
107,Women's Sirrus Sport Disc,Specialized
108,AWOL Expert,Specialized
109,Bronson Aluminum R+,Santa Cruz
110,Roscoe 7,Trek
111,FX Sport 6,Trek
112,Tallboy Carbon C S,Santa Cruz
113,Women's Sirrus Disc,Specialized
114,Roubaix,Specialized
115,Men's Sirrus Elite Alloy,Specialized
116,Men's Tarmac Disc Sport,Specialized
117,Domane SL 5,Trek
118,Sirrus X 3.0,Specialized
119,Domane+,Trek
120,Diverge E5 Elite,Specialized
121,Levo,Specialized Turbo
122,Top Fuel 9.8,Trek
123,Creo SL Expert,Specialized Turbo
124,DEMO 2020 Bronson C S LG,Santa Cruz
125,Allez Elite,Specialized
126,Vaya GRX 600,Salsa
127,Women's Diverge E5,Specialized
128,BREEZER RADAR PRO 51CM (new bike),Breezer
129,BREEZER RADAR PRO 54CM (new bike),Breezer
130,Roubaix Comp Ultegra Di2,Specialized
131,BREEZER RADAR PRO 48CM (new bike),Breezer
132,Checkpoint AL 4,Trek
133,Pre-Owned SPECIALIZED AMIRA EXPERT SL4 w/ENVE wheelset,Specialized
134,Checkpoint AL 3,Trek
135,Stumpjumper ST 27.5,Specialized
136,Diverge E5 Comp,Specialized
137,2020 SPECIALIZED ALLEZ SPRINT FRAMESET 61CM,Specialized
138,Marlin 5 Women's,Trek
139,Creo SL Comp Carbon EVO,Specialized Turbo
140,Roubaix Sport - 2020,Specialized
141,Allez Elite,Specialized
142,Pre-Owned HAMPSTEN CUSTOM 57CM,Hampsten
143,AWOL Expert,Specialized
144,Journeyman Sora 650,Salsa
145,Marlin 5,Trek
146,S-Works Roubaix - SRAM Red eTap AXS - 2020,Specialized
147,Pre-Owned SPECIALIZED AMIRA SL4 EXPERT ULTEGRA Ui2 51CM,Specialized
148,Allez Sprint Comp Disc,Specialized
149,Allez Sprint Comp Disc,Specialized
150,Demo Eros Ultegra Di2 Enve,Alchemy
151,DEMO 2018 SPECIALIZED ROUBAIX COMP DISC 54CM,Specialized
152,Stigmata Ultegra 700c,Santa Cruz
153,Checkpoint SL 5,Trek
154,Megatower Carbon CC X01,Santa Cruz
155,Diverge E5,Specialized
156,Maverick C R,Juliana
157,Tarmac SL6 Pro Disc eTap,Specialized
158,Allez,Specialized
159,Tarmac Disc Comp - Ultegra Di2,Specialized
160,Creo SL Expert EVO,Specialized Turbo
161,Emonda SL 5 Disc,Trek
162,Allez,Specialized
163,520,Trek
164,Cutthroat Apex 1,Salsa
165,S-Works Creo SL,Specialized Turbo
166,Tarmac Disc Sport,Specialized
167,2019 Gran Fondo Disc 1.3 56CM,Fuji
168,Roscoe 7,Trek
169,Diverge Carbon X1,Specialized
170,S-Works Tarmac Disc – SRAM ETAP,Specialized S-Works
171,Tarmac Disc,Specialized S-Works
172,Rockhopper Expert 1X,Specialized
173,Roubaix Pro - SRAM Force eTap AXS - 2020,Specialized
174,Chameleon D+ 27.5,Santa Cruz
175,Chisel 29,Specialized
176,Fuse Expert 29,Specialized
177,Pre-Owned TREK DOMANE 4.3c DISC 58CM,Trek
178,Men's Chisel Comp X1,Specialized
179,Bronson Aluminum R+,Santa Cruz
180,Enduro Expert Carbon 29,Specialized
181,Stumpjumper EVO Pro 27.5,Specialized
182,Maverick C S,Juliana
183,Tallboy Carbon C S,Santa Cruz
184,Men's Stumpjumper EVO Comp Alloy 29,Specialized
185,Supercaliber 9.8,Trek
186,Epic AXS,Specialized S-Works
187,X-Caliber 7,Trek
188,Marlin 7,Trek
189,Furtado Carbon C S,Juliana
190,X-Caliber 8,Trek
191,SB 140 T2 AXS,Yeti Cycles
192,Pitch 27.5,Specialized
193,Roscoe 8,Trek
194,SB100 Carbon GX Comp,Yeti Cycles
195,Fuel EX 9.8 29,Trek
196,Slash 9.8,Trek
197,Tallboy Carbon CC XO1 Reserve,Santa Cruz
198,Megatower Carbon C S,Santa Cruz
199,Men's Stumpjumper Comp Alloy 27.5 – 12-Speed,Specialized
200,P.3 Dirt Jumper,Specialized
201,SB 130 C1,Yeti Cycles
202,Bronson Carbon C S Reserve,Santa Cruz
203,Tallboy Carbon C S,Santa Cruz
204,Chiron Ultegra Di2 Disc,Alchemy
205,Blur Carbon C S,Santa Cruz
206,SB 140 C1,Yeti Cycles
207,Eros Ultegra Di2 Disc,Alchemy
208,Hightower Carbon CC XO1,Santa Cruz
209,820,Trek
210,Demo SB130 TURQ XO1 EAGLE SMALL,Yeti
211,Bronson Carbon C S,Santa Cruz
212,"DEMO BREEZER LIGHTNING TEAM  27.5+ 17""",Breezer
213,Fuel EX 9.8,Trek
214,Weekender Nomad,Fairdale
215,Domane SL 6,Trek
216,Levo Comp,Specialized Turbo
217,Roscoe 8,Trek
218,Top Fuel 9.8,Trek
219,Hightower LT Carbon C S 29 Reserve,Santa Cruz
220,Enduro Elite Carbon 29,Specialized
221,Stumpjumper ST Alloy 29,Specialized
222,"DEMO TREK SLASH 9.8 29 17.5""",Trek
223,Levo,Specialized Turbo
224,"DEMO BREEZER LIGHTING TEAM 27.5+ 17""",Breezer
225,Fuel EX 8,Trek
226,"DEMO 2019 BREEZER LIGHTNING TEAM 29 14.5""",Breezer
227,Chameleon Carbon C R,Santa Cruz
228,Demo SB5 TURQ XO1 RACE LARGE,Yeti Cycles
229,"DEMO BREEZER LIGHTNING TEAM 27.5+ 16""",Breezer
230,Flyer,Fairdale
231,Tallboy Carbon C S Reserve,Santa Cruz
232,Women's Stumpjumper ST Comp Carbon 29,Specialized
233,Chisel Comp 29,Specialized
234,"DEMO 2019 BREEZER LIGHTNING TEAM 29 17.5""",Breezer
235,"DEMO 2019 BREEZER LIGHTNING TEAM 29 16""",Breezer
236,"HARO SUBVERT HT7 14.5"" (new bike)",Haro
237,Demo SB5 TURQ XO1 RACE MEDIUM,Yeti Cycles
238,Stumpjumper SRAM AXS 29,Specialized S-Works
239,"SE RACING DJ RIPPER 26""",SE Racing
240,Demo SB130 TURQ XO1 EAGLE LARGE,Yeti
241,Tallboy Carbon CC XO1,Santa Cruz
242,SE RACING OM DURO 27.5+  (standard size),SE Racing
243,"Pre-Owned LITESPEED SEEWANNE 27.5"" MEDIUM",Specialized
244,Demo SB130 TURQ XO1 RACE XL,Yeti Cycles
245,Stumpjumper EVO Pro 29,Specialized
246,Pre-Owned TREK DOMANE 6 PROJECT ONE 54CM,Trek
247,Hightower Aluminum R,Santa Cruz
248,"DEMO BREEZER LIGHTNING PRO  27.5+ 17""",Breezer
249,Stumpjumper 29,Specialized
250,Fuse Comp 29,Specialized
251,Men's Stumpjumper Comp Carbon 29 - 12-Speed,Specialized
252,Roscoe 7 Women's,Trek
253,Heckler 1.0 CC S,Santa Cruz
254,Hightower Carbon C S,Santa Cruz
255,Women's Stumpjumper ST Comp Alloy 29,Specialized
256,Rockhopper Comp 1X,Specialized
257,Men's RockHopper Expert,Specialized
258,Fuse 27.5,Specialized
259,Chameleon Aluminum R+,Santa Cruz
260,CruX,Specialized S-Works
261,Epic Expert EVO,Specialized
262,Men's Stumpjumper Comp Alloy 29 – 12-Speed,Specialized
263,BREEZER RADAR PRO 45CM (new bike),Breezer
264,Fuel EX 8 29,Trek
